unit,count,mean,std,min,25%,50%,75%,max
L,410.0,5.9115171281903525,2.57197791369602,1.82,3.627878787878788,5.62,7.827500000000001,12.0
kg,4039.0,5.76723543626468,3.5275800148804755,1.368421052631579,3.179173354735153,4.516129032258065,7.615045362903226,17.979166666666668
pcs,1551.0,3.752048389906739,2.2285870754394304,0.9299999999999999,2.223055555555556,3.1857894736842107,4.420595238095238,11.92
