category,count,mean,std,min,25%,50%,75%,max
canned,566.0,2.5406845592984495,0.7928896257676216,1.05875,1.891547619047619,2.5263975155279503,3.215535714285714,4.0
condiments_spices,1313.0,6.767393518798885,2.825144380615969,1.77,4.37,6.697674418604651,9.128205128205128,12.0
dairy,455.0,4.856932995365907,1.661992764740247,1.7929292929292928,3.4487563679952054,4.8933333333333335,6.200601658228777,7.999130434782608
grain,349.0,3.7037001648706016,1.2208990129670263,1.368421052631579,2.666666666666667,3.712041884816754,4.694117647058824,5.98314606741573
others,776.0,5.771663887797676,2.288171399264638,1.7241379310344829,3.735043332401454,5.6937435897435895,7.762536702428006,9.991561181434598
produce,1467.0,3.3799278696051913,0.8703436498687798,1.7473684210526317,2.623234463276836,3.369047619047619,4.103782821539831,4.999999999999999
protein,586.0,11.643985881689702,3.4849318157267426,5.355555555555556,8.48076923076923,11.559240448756823,14.769000544168328,17.979166666666668
snacks,488.0,2.97205101001491,1.1153392717037394,0.9299999999999999,2.0517499999999997,2.969893048128342,3.8816749011857707,4.989285714285714
