model,temperature,json_valid_rate,diet_match_rate,constraint_violation_rate,cuisine_match_rate,inventory_coverage_mean
base,0.7,1.0,0.42857142857142855,0.5714285714285714,1.0,0.7029761904761905
lora,0.7,1.0,0.7142857142857143,0.2857142857142857,1.0,0.6717857142857142
